omeka_001754.xml,01-01-01.tif
omeka_001755.xml,01-01-02.tif
omeka_001756.xml,01-02-01.tif
omeka_001757.xml,01-03-01.tif
omeka_001758.xml,01-04-01.tif
omeka_001759.xml,01-05-01.tif
omeka_001760.xml,01-05-02.tif
omeka_001761.xml,01-06-01.tif
omeka_001762.xml,01-07-01.tif
omeka_001763.xml,01-08-01.tif
omeka_001764.xml,01-08-02.tif
omeka_001765.xml,01-09-01.tif
omeka_001766.xml,01-09-02.tif
omeka_001767.xml,01-09-03.tif
omeka_001768.xml,01-09-04.tif
omeka_001769.xml,01-09-05.tif
omeka_001770.xml,01-09-06.tif
omeka_001771.xml,01-10-01.tif
omeka_001772.xml,01-11-01.tif
omeka_001773.xml,01-12-01.tif
omeka_001774.xml,01-12-02.tif
omeka_001775.xml,02-01-01.tif
omeka_001776.xml,02-02-01.tif
omeka_001777.xml,02-03-01.tif
omeka_001778.xml,02-04-01.tif
omeka_001779.xml,02-05-01.tif
omeka_001780.xml,02-06-01.tif
omeka_001781.xml,02-07-01.tif
omeka_001782.xml,02-08-01.tif
omeka_001783.xml,02-09-01.tif
omeka_001784.xml,02-10-01.tif
omeka_001785.xml,02-11-01.tif
omeka_001786.xml,02-12-01.tif
omeka_001787.xml,03-01-01.tif
omeka_001788.xml,03-02-01.tif
omeka_001789.xml,03-03-01.tif
omeka_001790.xml,03-04-01.tif
omeka_001791.xml,03-05-01.tif
omeka_001792.xml,03-06-01.tif
omeka_001793.xml,03-07-01.tif
omeka_001794.xml,03-08-01.tif
omeka_001795.xml,03-08-02.tif
omeka_001796.xml,03-09-01.tif
omeka_001797.xml,03-10-01.tif
omeka_001798.xml,03-11-01.tif
omeka_001799.xml,03-13-01.tif
omeka_001800.xml,03-14-01.tif
omeka_001801.xml,03-14-02.tif
omeka_001802.xml,03-14-03.tif
omeka_001803.xml,03-14-04.tif
omeka_001804.xml,03-15-01.tif
omeka_001805.xml,04-01-01.tif
omeka_001806.xml,04-02-01.tif
omeka_001807.xml,04-03-01.tif
omeka_001808.xml,04-04-01.tif
omeka_001809.xml,04-06-01.tif
omeka_001810.xml,04-10-01.tif
omeka_001811.xml,04-11-01.tif
omeka_001812.xml,04-12-01.tif
omeka_001813.xml,04-13-01.tif
omeka_001814.xml,04-14-01.tif
omeka_001815.xml,04-15-01.tif
omeka_001816.xml,04-16-01.tif
omeka_001817.xml,04-17-01.tif
omeka_001818.xml,04-18-01.tif
omeka_001819.xml,05-01-01.tif
omeka_001820.xml,05-02-01.tif
omeka_001821.xml,05-03-01.tif
omeka_001822.xml,05-04-01.tif
omeka_001823.xml,05-05-01.tif
omeka_001824.xml,05-06-01.tif
omeka_001825.xml,05-06-02.tif
omeka_001826.xml,05-08-01.tif
omeka_001827.xml,05-09-01.tif
omeka_001828.xml,05-11-01.tif
omeka_001829.xml,05-12-01.tif
omeka_001830.xml,05-14-01.tif
omeka_001831.xml,05-16-01.tif
omeka_001832.xml,05-18-01.tif
omeka_001833.xml,05-19-01.tif
omeka_001834.xml,05-23-01.tif
omeka_001835.xml,05-24-01.tif
omeka_001836.xml,05-25-01.tif
omeka_001837.xml,06-01-01.tif
omeka_001838.xml,06-02-01.tif
omeka_001839.xml,06-03-01.tif
omeka_001840.xml,06-04-01.tif
omeka_001841.xml,06-05-01.tif
omeka_001842.xml,06-06-01.tif
omeka_001843.xml,06-07-01.tif
omeka_001844.xml,06-08-01.tif
omeka_001845.xml,07-01-01.tif
omeka_001846.xml,07-04-01.tif
omeka_001847.xml,07-05-01.tif
omeka_001848.xml,07-06-01.tif
omeka_001849.xml,07-07-01.tif
omeka_001850.xml,07-08-01.tif
omeka_001851.xml,07-09-01.tif
omeka_001852.xml,07-10-01.tif
omeka_001853.xml,08-02-01.tif
omeka_001854.xml,08-03-01.tif
omeka_001855.xml,08-04-01.tif
omeka_001856.xml,08-05-01.tif
omeka_001857.xml,08-06-01.tif
omeka_001858.xml,08-07-01.tif